Setting,Mass_g
1,1.01166
2,2.01969
3,3.00094
4,4.03327
5,5.11599
6,6.03628
7,7.07879
8,8.13861
9,9.19400