Setting,Mass_g
0.750,0.00078
1.000,0.00125
1.250,0.00126
1.500,0.00152
1.750,0.00177
2.000,0.00214