Setting,Mass_g
200,0.16766
175,0.15657
150,0.13453
125,0.11186
100,0.08882
75,0.06625
50,0.04428
25,0.02234