Setting,Mass_g
2.5,0.00308
5.0,0.00604
7.5,0.00831
10.0,0.01097
12.5,0.01334
15.0,0.01604
17.5,0.01912
20.0,0.02206