Setting,Mass_g
25,0.02594
50,0.05029
75,0.07499
100,0.10051
125,0.12640
150,0.15237
175,0.17476
200,0.20588